{
  "version": 1,
  "author": "Anonymous maker",
  "editor": "wokwi",
  "parts": [
    { "type": "wokwi-esp32-devkit-v1", "id": "esp", "top": 40.67, "left": -84, "attrs": {} },
    { "type": "wokwi-hc-sr04", "id": "ultrasonic1", "top": -50.04, "left": 57.17, "attrs": {} }
  ],
  "connections": [
    [ "esp:TX0", "$serialMonitor:RX", "", [] ],
    [ "esp:RX0", "$serialMonitor:TX", "", [] ],
    [ "ultrasonic1:GND", "esp:GND.1", "black", [ "v145.24", "h-135.45" ] ],
    [ "ultrasonic1:ECHO", "esp:D18", "green", [ "v75.91", "h-127.56" ] ],
    [ "ultrasonic1:TRIG", "esp:D5", "green", [ "v89.91", "h-119.67" ] ],
    [ "ultrasonic1:VCC", "esp:VIN", "red", [ "v156.58", "h-208.45" ] ]
  ]
}